date,price,ma_7,ma_30,daily_return,volatility_30,signal,position_change,strategy_return,buy_hold_growth,strategy_growth
2025-09-11 00:00:00,114000.12092296442,,,,,0,,,,1.0
2025-09-12 00:00:00,115553.48783920688,,,0.0136260111275861,,0,0.0,0.0,1.013626011127586,1.0
2025-09-13 00:00:00,116091.80704192116,,,0.0046586149218044,,0,0.0,0.0,1.0183481043881542,1.0
2025-09-14 00:00:00,115974.8873939637,,,-0.0010071309159245,,0,0.0,-0.0,1.0173224945290518,1.0
2025-09-15 00:00:00,115278.5525158622,,,-0.0060041867144571,,0,0.0,-0.0,1.011214300323082,1.0
2025-09-16 00:00:00,115356.68489564986,,,0.0006777703057723,,0,0.0,0.0,1.0118996713486132,1.0
2025-09-17 00:00:00,116797.00205991932,115578.93466706964,,0.0124857711156691,,0,0.0,0.0,1.0245340190370928,1.0
2025-09-18 00:00:00,116430.93170207892,115926.19334980028,,-0.0031342444701842,,0,0.0,-0.0,1.0213228789534103,1.0
2025-09-19 00:00:00,117169.11793707692,116156.997649496,,0.0063401213423839,,0,0.0,0.0,1.0277981899357278,1.0
2025-09-20 00:00:00,115656.94582205842,116094.87461808704,,-0.0129058931367102,,0,0.0,-0.0,1.0145335363303132,1.0
2025-09-21 00:00:00,115722.89635080755,116058.87589763616,,0.0005702254047983,,0,0.0,0.0,1.0151120491267487,1.0
2025-09-22 00:00:00,115255.84820116172,116055.63242410752,,-0.0040359182527717,,0,0.0,-0.0,1.0110151398790694,1.0
2025-09-23 00:00:00,112692.49699542264,115675.0341526465,,-0.0222405304871396,,0,0.0,-0.0,0.9885296268376293,1.0
2025-09-24 00:00:00,112002.46136592983,114990.09976779086,,-0.0061231727745001,,0,0.0,-0.0,0.9824766891397904,1.0
2025-09-25 00:00:00,113317.1626894919,114545.27562313556,,0.0117381467114969,,0,0.0,0.0,0.994009144657539,1.0
2025-09-26 00:00:00,109233.05041611978,113411.55169157025,,-0.0360414272334305,,0,0.0,-0.0,0.9581836364009998,1.0
2025-09-27 00:00:00,109660.37389675,112554.89855938336,,0.0039120346726777,,0,0.0,0.0,0.961932084009393,1.0
2025-09-28 00:00:00,109675.14319507511,111690.93382285011,,0.0001346821809948,,0,0.0,0.0,0.9620616391204363,1.0
2025-09-29 00:00:00,112179.39882976888,111251.4410555083,,0.0228333928886652,,0,0.0,0.0,0.9840287705095865,1.0
2025-09-30 00:00:00,114327.17133804818,111484.96596159766,,0.0191458728668936,,0,0.0,0.0,1.0028688602471287,1.0
2025-10-01 00:00:00,114087.51383151024,111782.83059953772,,-0.0020962427718019,,0,0.0,-0.0,1.0007666036477705,1.0
2025-10-02 00:00:00,118930.95511416093,112584.80094591902,,0.042453736784936,,0,0.0,0.0,1.0432528856221874,1.0
2025-10-03 00:00:00,120514.57785586917,114196.44772302608,,0.0133154798949368,,0,0.0,0.0,1.0571442984460246,1.0
2025-10-04 00:00:00,122294.92441742844,116001.3835116944,,0.0147728730684224,,0,0.0,0.0,1.0727613569819743,1.0
2025-10-05 00:00:00,122428.89063350527,117823.34743147016,,0.0010954356177494,,0,0.0,0.0,1.0739364979817576,1.0
2025-10-06 00:00:00,123488.7305970136,119438.96625536226,,0.0086567799317971,,0,0.0,0.0,1.0832333299055106,1.0
2025-10-07 00:00:00,124739.81088811433,120926.486191086,,0.0101311292540811,,0,0.0,0.0,1.094207706783112,1.0
2025-10-08 00:00:00,121463.11808164183,121980.1439411048,,-0.0262682200906295,,0,0.0,-0.0,1.0654648179164703,1.0
2025-10-09 00:00:00,123342.98469750278,122610.4338815822,,0.0154768512907546,,0,0.0,0.0,1.0819548584588945,1.0
2025-10-10 00:00:00,121718.66757741552,122782.44669894596,116512.85717011466,-0.0131691082721151,,1,1.0,-0.0,1.0677064777823082,1.0
2025-10-11 00:00:00,113043.67586321976,121460.83976263044,116480.97566812317,-0.0712708402651408,0.0204007360829428,1,0.0,-0.0712708402651408,0.9916101399542293,0.9287291597348593
2025-10-12 00:00:00,110655.26975977032,119778.89392352544,116317.70173214194,-0.0211281709057246,0.0205818102950771,1,0.0,-0.0211281709057246,0.9706592314454269,0.9091068113228511
2025-10-13 00:00:00,115060.88417839336,118574.91586372256,116283.33763669102,0.0398138690383884,0.0218882264346306,1,0.0,0.0398138690383884,1.0093049309670978,0.945301870850766
2025-10-14 00:00:00,115226.58429002496,117215.88349256692,116258.39419989304,0.0014401081028951,0.0218891442480385,1,0.0,0.0014401081028951,1.0107584391764757,0.9466632077346602
2025-10-15 00:00:00,113066.35078450407,116016.34530726157,116184.65414218113,-0.0187477006181453,0.0221323657917882,0,-1.0,-0.0187477006181453,0.9918090425615312,0.9289154493298376
2025-10-16 00:00:00,110844.40417180728,114230.83380359077,116034.2447847197,-0.019651705368396,0.0224075653619417,0,0.0,-0.0,0.972318303475401,0.9289154493298376
2025-10-17 00:00:00,108168.17353436728,112295.04894029816,115746.6171672013,-0.0241440301604389,0.0226394750770943,0,0.0,-0.0,0.9488426210307442,0.9289154493298376
2025-10-18 00:00:00,106483.89143637568,111357.93687932043,115415.04915834453,-0.0155709581012428,0.022768695163162,0,0.0,-0.0,0.9340682323340012,0.9289154493298376
2025-10-19 00:00:00,107210.0961099579,110865.76921506152,115083.08176410724,0.006819854757244,0.0227754443421817,0,0.0,0.0,0.9404384420118747,0.9289154493298376
2025-10-20 00:00:00,108655.50525004532,109950.71508244037,114849.70041170676,0.0134820244784126,0.0228771372122826,0,0.0,0.0,0.953117456107519,0.9289154493298376
2025-10-21 00:00:00,110535.86301373685,109280.61204297062,114676.79930047107,0.0173056833095048,0.0231400444948146,0,0.0,0.0,0.9696118049596766,0.9289154493298376
2025-10-22 00:00:00,108301.75462476298,108599.9554487219,114444.9961812578,-0.0202116157422701,0.0233938923246425,0,0.0,-0.0,0.9500143837386626,0.9289154493298376
2025-10-23 00:00:00,107591.4605093986,108135.24921123494,114274.96163172368,-0.0065584728319993,0.0230948000557805,0,0.0,-0.0,0.9437837402129041,0.9289154493298376
2025-10-24 00:00:00,110109.30522515893,108412.55373849088,114211.8564270313,0.0234019010787605,0.0235067942276896,0,0.0,0.0,0.9658700739411091,0.9289154493298376
2025-10-25 00:00:00,111030.1833786475,109062.02401595828,114135.62378333649,0.0083633090918655,0.0234552282417197,0,0.0,0.0,0.9739479439120616,0.9289154493298376
2025-10-26 00:00:00,111631.63726547628,109693.67275246092,114215.57667831505,0.0054170304733951,0.0224847504233831,0,0.0,0.0,0.9792238496037338,0.9289154493298376
2025-10-27 00:00:00,114419.22169689646,110517.0608162968,114374.20493831992,0.0249712760620979,0.0229045255894435,0,0.0,0.0,1.003676318678779,0.9289154493298376
2025-10-28 00:00:00,114085.33123756813,111024.12770541557,114521.21120640304,-0.002918132586261,0.022918376780195,0,0.0,-0.0,1.000747458107184,0.9289154493298376
2025-10-29 00:00:00,112893.85203624627,111680.14162134174,114545.0263132856,-0.0104437545861242,0.0226576699409987,0,0.0,-0.0,0.9902958972520249,0.9289154493298376
2025-10-30 00:00:00,110026.087620204,112027.94549431394,114401.65685602414,-0.025402308135624,0.0228499801912097,0,0.0,-0.0,0.9651400957245847,0.9289154493298376
2025-10-31 00:00:00,108409.379924928,111785.0990228524,114212.38572580474,-0.014693857886292,0.0229857517038951,0,0.0,-0.0,0.9509584643176454,0.9289154493298376
2025-11-01 00:00:00,109566.6066188076,111576.01662858952,113900.2407759596,0.0106745993260082,0.0215824864322252,0,0.0,0.0,0.9611095648999124,0.9289154493298376
2025-11-02 00:00:00,110066.94174051796,111352.48869645262,113551.98623878125,0.0045664928133721,0.0214198897251761,0,0.0,0.0,0.9654984648208911,0.9289154493298376
2025-11-03 00:00:00,110499.52238345638,110792.53165167548,113158.80617098216,0.0039301595565199,0.0212036602320609,0,0.0,0.0,0.9692930278392122,0.9289154493298376
2025-11-04 00:00:00,106451.70653262926,109702.0138366842,112626.23336761964,-0.0366319759897273,0.0220450180581167,0,0.0,-0.0,0.9337859089163961,0.9289154493298376
2025-11-05 00:00:00,101480.76659609628,108071.57305951991,111892.63456758906,-0.0466966674226994,0.0231997095955207,0,0.0,-0.0,0.8901812188837241,0.9289154493298376
2025-11-06 00:00:00,103878.9335997028,107193.40819944834,111197.27199130868,0.0236317391368501,0.0236550370370059,0,0.0,0.0,0.9112177492329075,0.9289154493298376
2025-11-07 00:00:00,101261.6455104612,106172.30328309591,110523.88957226933,-0.0251955617808641,0.0236238330665784,0,0.0,-0.0,0.8882591061362899,0.9289154493298376
2025-11-08 00:00:00,103191.7560668328,105261.61034709951,109852.181951247,0.01906062800621,0.0237437411018855,0,0.0,0.0,0.9051898825314824,0.9289154493298376
2025-11-09 00:00:00,102286.82524827348,104150.16513392176,109204.45387360892,-0.0087694100095866,0.0237092714067927,0,0.0,-0.0,0.8972519013150342,0.9289154493298376
2025-11-10 00:00:00,104610.22853607994,103308.8374414394,108923.33896270423,0.0227145899011629,0.0207435532880753,0,0.0,0.0,0.9176326102914439,0.9289154493298376
2025-11-11 00:00:00,105951.49599987874,103237.3787939036,108766.5465040412,0.0128215709168075,0.0206106862674788,0,0.0,0.0,0.9293981018798709,0.9289154493298376
2025-11-12 00:00:00,103112.21006199118,103470.4421461743,108368.2573668278,-0.0267979787457726,0.0195985591602641,0,0.0,-0.0,0.9044921112993327,0.9289154493298376
2025-11-13 00:00:00,101633.69431605682,103149.69367708205,107915.1610343622,-0.0143389007475009,0.0196740748483946,0,0.0,-0.0,0.891522688688514,0.9289154493298376
2025-11-14 00:00:00,99480.3070908126,102895.21675998936,107462.29291123914,-0.0211877295195793,0.0197421266847064,0,0.0,-0.0,0.8726333471000137,0.9289154493298376
2025-11-15 00:00:00,94772.61435799382,101692.48223015522,106926.56658411204,-0.0473228608806088,0.0210953344488188,0,0.0,-0.0,0.8313378406154198,0.9289154493298376
2025-11-16 00:00:00,95380.13316661112,100705.81193277489,106500.29857185348,0.0064102780400512,0.0208751618741945,0,0.0,0.0,0.8366669473189805,0.9289154493298376
2025-11-17 00:00:00,94188.27668924726,99216.96166894166,106090.44474694922,-0.012495856713493,0.0208237315429384,0,0.0,-0.0,0.826212077028367,0.9289154493298376
2025-11-18 00:00:00,92100.36452360668,97238.2286009028,105586.78702740418,-0.0221674314366019,0.0209825313285055,0,0.0,-0.0,0.8078970774587482,0.9289154493298376
2025-11-19 00:00:00,92903.18008511196,95779.79574706288,105061.7095219064,0.0087167468408826,0.0208567376139843,0,0.0,0.0,0.8149393117564451,0.9289154493298376
2025-11-20 00:00:00,91408.3573343969,94319.03332111148,104424.12599926173,-0.0160901139158594,0.0205138426628691,0,0.0,-0.0,0.8018268453957719,0.9289154493298376
2025-11-21 00:00:00,86618.47155915352,92481.6282451602,103701.34989707476,-0.0524009610819354,0.0220604946755201,0,0.0,-0.0,0.759810348075737,0.9289154493298376
2025-11-22 00:00:00,85087.95256265256,91098.10513154,102951.23296551657,-0.0176696606272455,0.0221428008761595,0,0.0,-0.0,0.7463847570841694,0.9289154493298376
2025-11-23 00:00:00,84675.50764856212,89568.87291467586,102103.43971296331,-0.004847277454311,0.0213682076119742,0,0.0,-0.0,0.742766823078914,0.9289154493298376
2025-11-24 00:00:00,86740.11773876166,88504.85020746362,101293.77085830046,0.0243826124877635,0.0219949269704942,0,0.0,0.0,0.7608774186948143,0.9289154493298376
2025-11-25 00:00:00,88256.04395603726,87955.6615549537,100514.58441465248,0.0174766446806213,0.0223550779262026,0,0.0,0.0,0.7741750029868519,0.9289154493298376
2025-11-26 00:00:00,87317.00455056976,87157.63647859055,99611.1771764416,-0.0106399444545153,0.0214972911165021,0,0.0,-0.0,0.7659378239569976,0.9289154493298376
2025-11-27 00:00:00,90515.94357835098,87030.1487991554,98825.53092113436,0.0366359226847796,0.0230255701251858,0,0.0,0.0,0.7939986628568345,0.9289154493298376
2025-11-28 00:00:00,91323.62827620257,87702.31404444813,98106.52346246624,0.0089231207886868,0.0232087983618855,0,0.0,0.0,0.8010836088315619,0.9289154493298376
2025-11-29 00:00:00,90904.86767344688,88533.30191741875,97469.149464241,-0.0045854573527146,0.0229424970647776,0,0.0,-0.0,0.797410274107306,0.9289154493298376
2025-11-30 00:00:00,90832.18685385384,89412.8275181747,96883.24302853852,-0.0007995261579843,0.0229029508267811,0,0.0,-0.0,0.7967727237345118,0.9289154493298376
2025-12-01 00:00:00,90359.86873169734,89929.93480287981,96243.01843230151,-0.0051998981695381,0.0226958711763007,0,0.0,-0.0,0.7926295867068268,0.9289154493298376
2025-12-02 00:00:00,86303.89766361401,89651.05676110506,95450.9169630714,-0.0448868632171942,0.0236657287253689,0,0.0,-0.0,0.7570509308664164,0.9289154493298376
2025-12-03 00:00:00,91320.07942505728,90222.92460031756,94811.60219779142,0.0581223084616038,0.026491552584899,0,0.0,0.0,0.8010524785913785,0.9289154493298376
2025-12-04 00:00:00,93428.59451478458,90639.01759123664,94377.49846386327,0.0230892822586479,0.0263534097849834,0,0.0,0.0,0.8195482053735644,0.9289154493298376
2025-12-05 00:00:00,92119.19047831658,90752.6693343958,94065.44592660392,-0.0140150244501514,0.0251769521742927,0,0.0,-0.0,0.8080622172371763,0.9289154493298376
2025-12-06 00:00:00,89264.22915485654,90518.2924031686,93578.28911177574,-0.0309920366064446,0.0251661456778801,0,0.0,-0.0,0.783018723420277,0.9289154493298376
2025-12-07 00:00:00,89227.45274823112,90289.04467379392,93177.14935303474,-0.0004119948939638,0.0248764459776393,0,0.0,-0.0,0.7826961237043498,0.9289154493298376
2025-12-08 00:00:00,90398.44875659447,90294.55610592208,92750.70577602678,0.0131237189037267,0.0247104794657666,0,0.0,0.0,0.7929680076188823,0.9289154493298376
2025-12-09 00:00:00,90626.0373431212,90912.00463156596,92362.01284585505,0.002517616061527,0.0247229622788877,0,0.0,0.0,0.7949643966111407,0.9289154493298376
2025-12-10 00:00:00,92686.10402025311,91107.15100230822,91964.54202866084,0.0227315100331733,0.0247235865584945,0,0.0,0.0,0.8130351377687224,0.9289154493298376
2025-12-11 00:00:00,91986.58107213798,90901.14908193015,91499.0448644028,-0.0075472257196427,0.0245323191611177,0,0.0,-0.0,0.806898978065981,0.9289154493298376
2025-12-12 00:00:00,92525.8680026296,90959.24587111772,91146.1667957574,0.0058626695786063,0.0242272878406114,0,0.0,0.0,0.8116295601576969,0.9289154493298376
2025-12-13 00:00:00,90260.54242242372,91101.57633791304,90767.0617326363,-0.0244831594570018,0.0244560911738801,1,1.0,-0.0,0.7917583042163399,0.9289154493298376
2025-12-14 00:00:00,90253.11813342397,91248.09996436916,90459.48876739,-8.225398164585229e-05,0.024237028438191,1,0.0,-8.225398164585229e-05,0.7916931789433169,0.9288390423355178
2025-12-15 00:00:00,88184.41093067056,90931.80884638002,90239.88198647925,-0.0229211715399701,0.0230784701711066,1,0.0,-0.0229211715399701,0.7735466437817329,0.9075489633131238
2025-12-16 00:00:00,86413.22138097929,90329.97799464548,89940.98492695818,-0.0200850641400073,0.0232462818965485,1,0.0,-0.0200850641400073,0.7580099098260894,0.8893207841747826
2025-12-17 00:00:00,87719.68139798648,89620.48904860737,89725.36508391614,0.015118751461044,0.0234045074244893,0,-1.0,0.015118751461044,0.7694700732577584,0.9027662040798619
2025-12-18 00:00:00,86196.82137334664,88793.38052020861,89528.58031224081,-0.0173605284511988,0.0232785305613543,0,0.0,-0.0,0.756111666158621,0.9027662040798619
2025-12-19 00:00:00,85450.17964790671,87782.56789810534,89280.14696433397,-0.0086620563675541,0.023220254295394,0,0.0,-0.0,0.7495621842861898,0.9027662040798619
2025-12-20 00:00:00,88091.69571216944,87472.7326537833,89169.5915769264,0.0309129375168895,0.0238504662795468,0,0.0,0.0,0.772733353254052,0.9027662040798619
2025-12-21 00:00:00,88348.27802016199,87200.61263760303,89227.25179229335,0.0029126730495789,0.0217849532773929,0,0.0,0.0,0.7749840728665859,0.9027662040798619
2025-12-22 00:00:00,88672.32967904503,87270.31531594224,89346.73102950644,0.003667888793589,0.0215047177641264,0,0.0,0.0,0.7778266282626632,0.9027662040798619
2025-12-23 00:00:00,88489.72404150236,87566.95855315981,89473.87157593778,-0.0020593305510706,0.0214819135605125,0,0.0,-0.0,0.7762248261236457,0.9027662040798619
2025-12-24 00:00:00,87496.14669239183,87535.02502378915,89499.07254105876,-0.0112281664325738,0.0211663922242582,0,0.0,-0.0,0.7675092445868338,0.9027662040798619
2025-12-25 00:00:00,87589.01664996856,87733.91006330657,89476.83829752315,0.0010614176862351,0.0209232946254987,0,0.0,0.0,0.7683238924733872,0.9027662040798619
2025-12-26 00:00:00,87192.23473670239,87982.77507599167,89472.67930372758,-0.0045300418755906,0.0208461799284751,0,0.0,-0.0,0.764843353066466,0.9027662040798619
2025-12-27 00:00:00,87303.04428036696,87870.11058573415,89365.58266046144,0.0012708648195471,0.0196797248988446,0,0.0,0.0,0.7658153655763427,0.9027662040798619
2025-12-28 00:00:00,87852.98655230374,87799.3546617544,89249.89460299815,0.006299233623179,0.0196398108977992,0,0.0,0.0,0.7706394154763283,0.9027662040798619
2025-12-29 00:00:00,87867.03943448896,87684.3131982464,89148.63366169954,0.0001599590718166,0.0196299223746703,0,0.0,0.0,0.7707626862419332,0.9027662040798619
2025-12-30 00:00:00,87154.68240604762,87493.59296461,89026.050180106,-0.0081072155500636,0.0196733206977416,0,0.0,-0.0,0.7645139470066239,0.9027662040798619
2025-12-31 00:00:00,88363.72223633934,87617.53232803107,88959.51196359406,0.0138723450870819,0.0198466915225255,0,0.0,0.0,0.7751195483033868,0.9027662040798619
2026-01-01 00:00:00,87575.04615968224,87615.53654370447,89001.88358012967,-0.0089253378727944,0.0180845542936579,0,0.0,-0.0,0.7682013444429713,0.9027662040798619
2026-01-02 00:00:00,88764.12624075128,87840.0924728543,88916.68514065281,0.0135778413282352,0.0147178614647049,0,0.0,0.0,0.7786318604059549,0.9027662040798619
2026-01-03 00:00:00,89978.91920361611,88222.36031903276,88801.69596361386,0.0136856297055185,0.0142843822182834,0,0.0,0.0,0.7892879277243898,0.9027662040798619
2026-01-04 00:00:00,90614.40684381907,88616.84893210638,88751.53650913062,0.0070626280669685,0.0141477226751413,0,0.0,0.0,0.7948623747956556,0.9027662040798619
2026-01-05 00:00:00,91879.5772256957,89190.06861656449,88838.71477815858,0.0139621327992274,0.0131467685323681,1,1.0,0.0,0.8059603488296618,0.9027662040798619
2026-01-06 00:00:00,93879.9479734475,90150.82084047876,88993.79795233248,0.0217716581655358,0.0136751567365817,1,0.0,0.0217716581655358,0.8235074420393572,0.922420921278487
2026-01-07 00:00:00,93649.6319764084,90905.95080334575,89102.17072632627,-0.0024533034158076,0.0135247245684412,1,0.0,-0.0024533034158076,0.8214871284188591,0.920157942881502
2026-01-08 00:00:00,91286.03314397692,91436.09180110214,89124.17058635478,-0.0252387412801249,0.0143598142547698,1,0.0,-0.0252387412801249,0.8007538273197428,0.8969343146242638
2026-01-09 00:00:00,91027.66616983686,91759.45464811436,89068.88932467424,-0.0028303012546571,0.0137300248590866,1,0.0,-0.0028303012546571,0.7984874527576082,0.8943957203082377
2026-01-10 00:00:00,90551.71363174268,91841.28242356102,89021.0604099944,-0.005228658034648,0.0136955319319976,1,0.0,-0.005228658034648,0.7943124349221815,0.8897192309390932
2026-01-11 00:00:00,90420.29795170767,91813.5525818308,88950.87474163034,-0.0014512776706738,0.0136445963688224,1,0.0,-0.0014512776706738,0.7931596670218405,0.8884280012860623
2026-01-12 00:00:00,90856.55910152226,91667.40713552032,88970.74196426694,0.0048248143359093,0.0129108099287955,1,0.0,0.0048248143359093,0.7969865151539525,0.8927145014430905
2026-01-13 00:00:00,91200.62761511702,91284.64708433024,89002.32561365672,0.0037869419334966,0.012926177249591,1,0.0,0.0037869419334966,0.8000046568086203,0.8960951594232458
2026-01-14 00:00:00,95429.1573224277,91538.86499090445,89243.81716004861,0.0463651382439584,0.0146809638404508,1,0.0,0.0463651382439584,0.8370969833173626,0.9376427353696466
2026-01-15 00:00:00,96898.7607108196,92340.6832147391,89593.33513770996,0.0153999409575265,0.0142003151498835,1,0.0,0.0153999409575265,0.8499882274361735,0.9520823781335928
2026-01-16 00:00:00,95593.30783680789,92992.91773859212,89855.78935233736,-0.0134723381850841,0.0143811715129259,1,0.0,-0.0134723381850841,0.8385368985828132,0.9392556023553179
2026-01-17 00:00:00,95523.1861982478,93703.12810523572,90166.66817983406,-0.0007335412922397,0.0138824552680254,1,0.0,-0.0007335412922397,0.8379217971426361,0.9385666195870228
2026-01-18 00:00:00,94802.88170431636,94329.21149846552,90478.42491504773,-0.0075406246650581,0.0138499867440687,1,0.0,-0.0075406246650581,0.8316033433717126,0.9314892409855647
2026-01-19 00:00:00,93344.2194849136,94684.5915532357,90653.50904080585,-0.0153862645647442,0.0132640957084714,1,0.0,-0.0153862645647442,0.8188080743176696,0.9171571010845481
2026-01-20 00:00:00,92566.0127795226,94879.64657672224,90794.1001994512,-0.0083369565859059,0.0133962475479263,1,0.0,-0.0083369565859059,0.8119817069498939,0.9095108021503508
2026-01-21 00:00:00,88416.88686186896,93877.89365378524,90785.58543887868,-0.0448234270124197,0.0158449722835693,1,0.0,-0.0448234270124197,0.7755859041730053,0.8687434110931573
2026-01-22 00:00:00,89453.90473719541,92814.34280041038,90817.72479540177,0.0117287309261018,0.0159818026925028,1,0.0,0.0117287309261018,0.7846825425531279,0.8789326688056929
2026-01-23 00:00:00,89483.65163014928,91941.53477088772,90883.97495999368,0.000332538786778,0.015828278724452,1,0.0,0.000332538786778,0.7849434799338344,0.8792249480090372
2026-01-24 00:00:00,89524.84864062016,91084.62940551234,90948.5026930154,0.0004603858885994,0.0158284086238931,1,0.0,0.0004603858885994,0.785304856835344,0.8796297307680051
2026-01-25 00:00:00,89149.95970929884,90277.06912050984,91013.76019210197,-0.0041875405210259,0.0158245172701527,0,-1.0,-0.0041875405210259,0.7820163609259876,0.875946245626915
2026-01-26 00:00:00,86625.33128140382,89317.22794857985,90991.16975880318,-0.0283188958932494,0.0166962605316373,0,0.0,-0.0,0.7598705210141068,0.875946245626915
2026-01-27 00:00:00,88249.90141827049,88700.64061125813,91004.4002543354,0.0187539846928748,0.0170133399841034,0,0.0,0.0,0.7741211211337722,0.875946245626915
2026-01-28 00:00:00,89141.65035979386,88804.17825381884,91046.8872851789,0.0101048151577736,0.0171073372096667,0,0.0,0.0,0.7819434719725574,0.875946245626915
2026-01-29 00:00:00,89212.20824183176,88769.6501830526,91115.47147970504,0.0007915254177268,0.0170277273472039,0,0.0,0.0,0.7825624001058493,0.875946245626915
2026-01-30 00:00:00,84630.42066738439,88076.33147408618,90991.02809407322,-0.0513583024649194,0.0193262228710642,0,0.0,-0.0,0.7423713236635399,0.875946245626915
2026-01-31 00:00:00,84091.63017682909,87300.15740783032,90874.91422797812,-0.0063663926789736,0.0192968305194562,0,0.0,-0.0,0.7376450963034883,0.875946245626915
2026-02-01 00:00:00,78647.02739790398,85799.73850620248,90537.6775998832,-0.0647460724387922,0.0222977495661535,0,0.0,-0.0,0.6898854734641028,0.875946245626915
2026-02-02 00:00:00,76895.58665593083,84409.77498827777,90101.56651496034,-0.0222696368816581,0.0222928201290576,0,0.0,-0.0,0.6745219744801265,0.875946245626915
2026-02-03 00:00:00,78670.58922752787,83041.30181817168,89703.43926108397,0.0230832827836957,0.0227778548371588,0,0.0,0.0,0.690092155960868,0.875946245626915
2026-02-04 00:00:00,75628.04173330522,81110.78630010188,89161.72141133764,-0.0386745227676269,0.0233315537753066,0,0.0,-0.0,0.6634031711633986,0.875946245626915
2026-02-05 00:00:00,73059.17986713687,78803.2108180026,88467.69580779393,-0.0339670551728309,0.0232464070211898,0,0.0,-0.0,0.6408693190466604,0.875946245626915
2026-02-06 00:00:00,62778.21756635432,75681.46751785545,87438.64866079213,-0.1407210198564943,0.033529276056007,0,0.0,-0.0,0.5506855348756774,0.875946245626915
2026-02-07 00:00:00,70272.52223140873,73707.30923993826,86738.19829703987,0.1193774681024226,0.0411820240935268,0,0.0,0.0,0.6164249797497642,0.875946245626915
2026-02-08 00:00:00,69245.78200906444,72364.27418438975,86012.13549168078,-0.0146108349286683,0.0411887060188735,0,0.0,-0.0,0.6074184961247326,0.875946245626915
2026-02-09 00:00:00,70398.0850329669,71436.05966682348,85340.34787172158,0.0166407684406195,0.0414366130116981,0,0.0,0.0,0.6175264066652937,0.875946245626915
2026-02-10 00:00:00,70175.14749173766,70222.42513313916,84665.50952305592,-0.0031668125791325,0.0414291457684579,0,0.0,-0.0,0.6155708162727195,0.875946245626915
2026-02-11 00:00:00,68841.8723764457,69252.97236787352,83931.68663222004,-0.018999249206408,0.0414117414504773,0,0.0,-0.0,0.6038754329301621,0.875946245626915
2026-02-12 00:00:00,67090.5793396472,68400.3151496607,83128.01835637105,-0.0254393580003454,0.0414598335482071,0,0.0,-0.0,0.5885132296042381,0.875946245626915
2026-02-13 00:00:00,66258.52954947444,68897.50257582073,82155.6640972726,-0.0124018870959586,0.0401034348776714,0,0.0,-0.0,0.5812145549762084,0.875946245626915
2026-02-14 00:00:00,68837.58112429692,68692.51098909046,81220.29144438851,0.0389240689818921,0.0408661244910219,0,0.0,0.0,0.6038377904073822,0.875946245626915
2026-02-15 00:00:00,69799.5509626349,68771.62083960052,80360.49954858274,0.013974486357982,0.0411040772650417,0,0.0,0.0,0.6122761133718642,0.875946245626915
2026-02-16 00:00:00,68778.84298479716,68540.30054700485,79469.02144146773,-0.0146234175400947,0.0410790298268181,0,0.0,-0.0,0.603322544116201,0.875946245626915
2026-02-17 00:00:00,68859.77618747062,68352.39036068099,78604.25125757286,0.0011767165477232,0.0411282593922545,0,0.0,0.0,0.604032483737477,0.875946245626915
2026-02-18 00:00:00,67559.29573331702,68169.16512594833,77744.7537991863,-0.0188859233380753,0.041149701135882,0,0.0,-0.0,0.5926247725559038,0.875946245626915
2026-02-19 00:00:00,66426.61953458567,68074.31372522525,76873.44069102175,-0.0167656602461113,0.0411675378362582,0,0.0,-0.0,0.5826890269658026,0.875946245626915
2026-02-20 00:00:00,66976.02936410521,68176.81369874392,76158.7454410963,0.008270928633264,0.0407655302592168,0,0.0,0.0,0.5875084063232229,0.875946245626915
2026-02-21 00:00:00,68002.9401106256,68057.57926821946,75443.7132868773,0.0153325115906428,0.0408321334388621,0,0.0,0.0,0.5965163857727738,0.875946245626915
2026-02-22 00:00:00,68026.03124326779,67804.21930830987,74728.45927398125,0.0003395607984688,0.0408321845082114,0,0.0,0.0,0.5967189393530266,0.875946245626915
2026-02-23 00:00:00,65192.18870120006,67291.84012493886,73917.37060933391,-0.0416582077518771,0.0412434690872918,0,0.0,-0.0,0.5718606978079784,0.875946245626915
2026-02-24 00:00:00,64737.90196985264,66703.00095099342,73103.63535135238,-0.0069684227573579,0.0412338235871163,0,0.0,-0.0,0.5678757307073348,0.875946245626915
2026-02-25 00:00:00,64073.54894566756,66205.03712418636,72351.90927349449,-0.0102621957766635,0.0410852841876829,0,0.0,-0.0,0.5620480787820002,0.875946245626915
2026-02-26 00:00:00,67850.10521282951,66408.39222107835,71671.91606664647,0.0589409565929359,0.0426523948953595,0,0.0,0.0,0.5951757301966332,0.875946245626915
2026-02-27 00:00:00,67496.84163950248,66482.79397470652,70950.42244263674,-0.0052065294846475,0.0425217830120335,0,0.0,-0.0,0.5920769302088178,0.875946245626915
2026-02-28 00:00:00,65891.22197698704,66181.11995561529,70173.0562338086,-0.0237880710195446,0.0425765089012894,0,0.0,-0.0,0.5779925621439764,0.875946245626915
2026-03-01 00:00:00,67017.07604771722,66036.98349910807,69585.94474648635,0.0170865562505941,0.0420681419503901,0,0.0,0.0,0.5878684645694745,0.875946245626915
2026-03-02 00:00:00,65824.42166938317,66127.3024945628,68977.03779623816,-0.0177962759444303,0.0421150701315788,0,0.0,-0.0,0.5774065951549676,0.875946245626915
2026-03-03 00:00:00,68815.9363388441,66709.87883299016,68649.33476093617,0.0454468811664829,0.0417320435594719,0,0.0,0.0,0.603647924069719,0.875946245626915
2026-03-04 00:00:00,68287.46303403362,67311.8665598996,68362.39730687292,-0.0076795192062536,0.0415915911902289,0,0.0,-0.0,0.5990121982430104,0.875946245626915
2026-03-05 00:00:00,72752.30156666112,68012.18032473268,68165.1210515107,0.0653829902921168,0.0431959150967314,0,0.0,0.0,0.6381774069855928,0.875946245626915
2026-03-06 00:00:00,70868.21819643723,68493.80554715193,68006.46026694843,-0.025897233897096,0.04288052229458,1,1.0,-0.0,0.6216503774090447,0.875946245626915
2026-03-07 00:00:00,68142.88312387785,68815.47142527917,67842.5837088398,-0.0384563792052047,0.0430062308679808,1,0.0,-0.0384563792052047,0.5977439547623439,0.842260524641711
2026-03-08 00:00:00,67339.67440056572,68861.55690425754,67994.63226998018,-0.0117871256173878,0.0341314284664327,1,0.0,-0.0117871256173878,0.5906982716805259,0.8323326940351922
2026-03-09 00:00:00,66042.7510790264,68892.74681992087,67853.6398982341,-0.0192594237065159,0.0263022422649001,1,0.0,-0.0192594237065159,0.579321763383524,0.8163024460159826
2026-03-10 00:00:00,68430.60926017091,68837.70009439612,67826.46747327098,0.0361562494313298,0.0270674583017158,1,0.0,0.0361562494313298,0.6002678655614166,0.8458168808655411
2026-03-11 00:00:00,69849.2035305081,69060.80587960676,67808.17142318902,0.0207304053796122,0.0271645191693448,1,0.0,0.0207304053796122,0.6127116617508594,0.8633510076828029
2026-03-12 00:00:00,70028.95987601393,68671.75706665716,67803.2985026649,0.0025734916995485,0.0271609992906606,1,0.0,0.0025734916995485,0.6142884701265919,0.8655728343348715
2026-03-13 00:00:00,70417.19388567522,68607.3250222626,67855.80921963921,0.0055439065544977,0.0269288444802998,1,0.0,0.0055439065544977,0.6176940280024792,0.8703714892445359
2026-03-14 00:00:00,70838.93230193328,68992.47490484195,67980.75431838208,0.0059891397680906,0.0264681655808535,1,0.0,0.0059891397680906,0.621393483870101,0.8755842657437827
2026-03-15 00:00:00,71149.2823885419,69536.70461740997,68143.77941301766,0.0043810666892301,0.0263270260028379,1,0.0,0.0043810666892301,0.6241158501631889,0.8794202588040467
2026-03-16 00:00:00,72934.2940718683,70521.21075924452,68280.33651127004,0.025088259830627,0.0257863405883558,1,0.0,0.025088259830627,0.6397738307764957,0.9014833827572399
2026-03-17 00:00:00,74679.37090810013,71413.89099466299,68442.99717611888,0.0239266981114845,0.0260055162446251,1,0.0,0.0239266981114845,0.655081506085113,0.9230529035089923
2026-03-18 00:00:00,74004.69080880683,72007.53203441994,68617.19210358587,-0.0090343570264344,0.0258978358847496,1,0.0,-0.0090343570264344,0.6491632658777257,0.9147137140244052
2026-03-19 00:00:00,71220.04730260483,72177.68738107578,68695.86780742368,-0.0376279324427718,0.0269284090164336,1,0.0,-0.0376279324427718,0.6247365943649494,0.8802949281886179
2026-03-20 00:00:00,69936.19932093748,72108.97387182755,68775.09792701103,-0.0180264971772967,0.0269064544127006,1,0.0,-0.0180264971772967,0.6134747819100758,0.8644262941504371
2026-03-21 00:00:00,70526.28915957874,72064.31056577689,68911.75358117746,0.0084375451392966,0.0267092415200864,1,0.0,0.0084375451392966,0.6186510030742621,0.8717199300269264
2026-03-22 00:00:00,68424.07687771624,71674.9954928018,68960.02183163117,-0.029807498833603,0.027315540651794,1,0.0,-0.029807498833603,0.6002105640217187,0.8457361392294203
2026-03-23 00:00:00,67933.42948137881,70960.58626558901,68957.70481065627,-0.0071706834600675,0.0272191836067257,1,0.0,-0.0071706834600675,0.5959066440577303,0.8396716330842665
2026-03-24 00:00:00,70987.25185405998,70433.14068644041,69056.41216434936,0.0449531607044548,0.0284128525278025,1,0.0,0.0449531607044548,0.6226945311929099,0.8774175269452756
2026-03-25 00:00:00,70528.86345595501,69936.5939217473,69234.30132284117,-0.00645733404425,0.0272594082356443,1,0.0,-0.00645733404425,0.6186735845974696,0.8717517488775103
2026-03-26 00:00:00,71303.58545062262,69948.5279428927,69453.15743886685,0.0109844673046719,0.0272305149990698,1,0.0,0.0109844673046719,0.6254693843597446,0.8813274774608458
2026-03-27 00:00:00,68727.2122901201,69775.81550991877,69608.2795503486,-0.0361324489395649,0.0280803218820977,1,0.0,-0.0361324489395649,0.6028696437661051,0.8494829573824563
2026-03-28 00:00:00,66329.88185741157,69176.32875246633,69557.60543850133,-0.0348818226845664,0.0267978685710788,0,-1.0,-0.0348818226845664,0.581840451750348,0.8198514434894804
2026-03-29 00:00:00,66388.84446013413,68885.58126424032,69520.67219918905,0.0008889297111867,0.0267833585623097,0,0.0,0.0,0.5823576670150792,0.8198514434894804
2026-03-30 00:00:00,65947.03192607871,68601.81018491172,69522.53253082544,-0.006654921284565,0.0264437272641363,0,0.0,-0.0,0.5784821225816309,0.8198514434894804
2026-03-31 00:00:00,66691.27147786925,67988.09870259876,69511.67237849717,0.0112854139155917,0.0263382209721303,0,0.0,0.0,0.5850105327777347,0.8198514434894804
2026-04-01 00:00:00,68107.47456405059,67642.18600375528,69587.77414165276,0.0212352089681073,0.0263841193778895,0,0.0,0.0,0.5974333536898138,0.8198514434894804
2026-04-02 00:00:00,67959.87524726024,67164.51311756065,69559.23877193329,-0.0021671529848246,0.0250456969153866,0,0.0,-0.0,0.5961386242141311,0.8198514434894804
2026-04-03 00:00:00,66887.51063938277,66901.69859602676,69512.5736921116,-0.0157793786992082,0.0251733760126512,0,0.0,-0.0,0.5867319271054313,0.8198514434894804
2026-04-04 00:00:00,66822.55230312092,66972.08008827094,69314.91538332692,-0.0009711579283026,0.0218973092534867,0,0.0,-0.0,0.5861621177426346,0.8198514434894804
2026-04-05 00:00:00,67077.1500532805,67070.40945872043,69188.5464452217,0.0038100572543933,0.0214749723962459,0,0.0,0.0,0.5883954289715905,0.8198514434894804
2026-04-06 00:00:00,69002.03847938096,67506.83896633502,69217.1849570718,0.0286966340187604,0.0209961118757445,0,0.0,0.0,0.6052803972550997,0.8198514434894804
2026-04-07 00:00:00,68672.24657456316,67789.83540871988,69261.60402953839,-0.0047794516232494,0.0208919174658674,0,0.0,-0.0,0.6023874888779178,0.8198514434894804
2026-04-08 00:00:00,71661.76372427847,68297.59100303815,69448.9044510468,0.0435331199842041,0.0219261467942078,0,0.0,0.0,0.6286112957082237,0.8198514434894804
2026-04-09 00:00:00,70644.79416156793,68681.15084793924,69522.71061442669,-0.0141912438357416,0.0212126685853927,0,0.0,-0.0,0.6196905195329269,0.8198514434894804
2026-04-10 00:00:00,71367.80291658688,69321.19260182555,69573.33059396264,0.0102344236910847,0.0209659133346816,0,0.0,0.0,0.6260326948671753,0.8198514434894804
2026-04-11 00:00:00,72920.25491187068,70192.29297450409,69669.70709515788,0.0217528343572279,0.0213074132795956,1,1.0,0.0,0.63965068038083,0.8198514434894804
2026-04-12 00:00:00,73021.85968305328,71041.53720732877,69756.5292884038,0.0013933682939726,0.0212941821774663,1,0.0,0.0013933682939726,0.6405419493580906,0.8209937984966063
2026-04-13 00:00:00,70660.63961180339,71278.48022624626,69750.58619873281,-0.0323357975474551,0.0221439090452605,1,0.0,-0.0323357975474551,0.6198295145629952,0.7944463092407038
2026-04-14 00:00:00,74481.64142860245,72108.3937768233,69861.66483340149,0.0540753924361703,0.0242314133203836,1,0.0,0.0540753924361703,0.6533470388065101,0.837406305182362
2026-04-15 00:00:00,74297.34759499803,72484.90575835467,69907.09995083915,-0.0024743524722273,0.0238376655503052,1,0.0,-0.0024743524722273,0.6517304279458169,0.8353342668208753
2026-04-16 00:00:00,74826.31308825641,73082.26560502444,69911.99802351104,0.0071195743910243,0.0234722975981872,1,0.0,0.0071195743910243,0.6563704712104713,0.8412814912748784
2026-04-17 00:00:00,75111.95674547968,73617.1447234377,69948.90688806679,0.0038174225808287,0.0234126934832693,1,0.0,0.0038174225808287,0.6588761146686594,0.8444930182365044
2026-04-18 00:00:00,77125.73357198425,74217.92738916821,70145.76309704612,0.0268103363799767,0.0227150425698056,1,0.0,0.0268103363799767,0.6765408049356583,0.8671341601259669
2026-04-19 00:00:00,75716.15083727139,74602.82612548508,70338.42814759057,-0.0182764256419972,0.0227230291415984,1,0.0,-0.0182764256419972,0.6641760572204748,0.851286047126789
2026-04-20 00:00:00,73841.02173808741,75057.16642923994,70448.91923354086,-0.0247652459673233,0.0232464938749281,1,0.0,-0.0247652459673233,0.6477275737978028,0.8302037387811437
2026-04-21 00:00:00,75858.03546790924,75253.79414914093,70696.71785321397,0.0273156259534996,0.0229059539885495,1,0.0,0.0273156259534996,0.6654206579234314,0.8528812735748864
2026-04-22 00:00:00,76326.19170242558,75543.62902163055,70976.47659391552,0.0061714784943829,0.0228170525354859,1,0.0,0.0061714784943829,0.6695272872035241,0.8581448120130157
2026-04-23 00:00:00,78238.81675008619,76031.12954474911,71218.19542378305,0.0250585677733981,0.0218589618226569,1,0.0,0.0250585677733981,0.6863046821060529,0.8796486919442339
2026-04-24 00:00:00,78275.32582745969,76483.03941360339,71476.41083616654,0.0004666363691328,0.0217868851501864,1,0.0,0.0004666363691328,0.6866249368310297,0.8800591680159552
2026-04-25 00:00:00,77447.61757991764,76529.02284330816,71681.21190714305,-0.0105743187753257,0.0218938880221584,1,0.0,-0.0105743187753257,0.6793643458698905,0.8707531418322065
2026-04-26 00:00:00,77634.51592192693,76803.07499825896,71978.12202820327,0.0024132226122568,0.0206123638168203,1,0.0,0.0024132226122568,0.6810038032713048,0.8728544630037697
2026-04-27 00:00:00,78637.74356150378,77488.32097303272,72388.38408500634,0.0129224434217602,0.019286082777923,1,0.0,0.0129224434217602,0.6898040363890818,0.8841338754173669
2026-04-28 00:00:00,77366.78442217235,77703.85653792745,72754.31541707431,-0.0161622025476532,0.0196849969459277,1,0.0,-0.0161622025476532,0.6786552838347727,0.8698443246436298
2026-04-29 00:00:00,76331.86443470464,77704.66692825303,73100.47650069516,-0.0133767998139925,0.0198632060754239,1,0.0,-0.0133767998139925,0.6695770479602067,0.8582085912435344
2026-04-30 00:00:00,75784.95743624517,77354.11559770431,73403.59936597435,-0.0071648583787351,0.0199497382631377,1,0.0,-0.0071648583787351,0.6647796232379203,0.8520596482278607
2026-05-01 00:00:00,76296.7964844269,77071.46854869963,73676.57676332023,0.0067538343425517,0.0197035276304935,1,0.0,0.0067538343425517,0.6692694346875732,0.8578143179419646
2026-05-02 00:00:00,78207.76425489692,77180.06093083952,74018.1730635748,0.0250465007513136,0.0200345374961666,1,0.0,0.0250465007513136,0.6860322920863067,0.8792995649007856
2026-05-03 00:00:00,78677.4246327222,77329.04788952458,74411.1701966861,0.0060052909362624,0.0196508591602419,1,0.0,0.0060052909362624,0.6901521155919559,0.8845800146081438
2026-05-04 00:00:00,78512.09246456268,77311.09773281869,74800.82153540083,-0.0021013927302694,0.0196649915966386,1,0.0,-0.0021013927302694,0.6887018349534709,0.8827211645961046
2026-05-05 00:00:00,79825.8751129579,77662.39640293091,75225.77903739008,0.0167335069943297,0.0197663268847799,1,0.0,0.0167335069943297,0.7002262319256726,0.8974921853779164
2026-05-06 00:00:00,80913.9613749304,78316.98168010602,75622.84313390839,0.0136307464269298,0.0193570502020596,1,0.0,0.0136307464269298,0.709770838134536,0.9097256737769539
2026-05-07 00:00:00,81436.85936825167,79124.39624182125,76048.33022703134,0.0064623951718087,0.0192597254209824,1,0.0,0.0064623951718087,0.7143576577719873,0.9156046805788406
2026-05-08 00:00:00,80024.90767231231,79656.98355437629,76327.1016919658,-0.0173379929787641,0.0183402251199173,1,0.0,-0.0173379929787641,0.7019721297172102,0.8997299330556411
2026-05-09 00:00:00,80197.2669977041,79941.19823192018,76645.51745317035,0.0021538209840561,0.0180259592267434,1,0.0,0.0021538209840561,0.7034840520204177,0.9016677902654398
2026-05-10 00:00:00,80677.64981723971,80226.94468685126,76955.8456831921,0.0059900148411462,0.0179951549855304,1,0.0,0.0059900148411462,0.7076979319325297,0.9070687937109133
2026-05-11 00:00:00,82018.3711243874,80727.84163825479,77259.11622360932,0.0166182494183313,0.0178467578023062,1,0.0,0.0166182494183313,0.7194586326782217,0.9221426891643862
2026-05-12 00:00:00,81627.56604995472,80985.22605782576,77545.97310250603,-0.0047648480343506,0.017914010010041,1,0.0,-0.0047648480343506,0.7160305216265084,0.9177488193845306
2026-05-13 00:00:00,80482.14377829393,80923.53782973484,77873.35657472238,-0.0140322972629101,0.0169224870263341,1,0.0,-0.0140322972629101,0.7059829684977287,0.904870695138242
2026-05-14 00:00:00,79288.8420865621,80616.6782180649,78033.59659665437,-0.0148269123523727,0.0144558381766458,1,0.0,-0.0148269123523727,0.695515420901545,0.8914542566511968
2026-05-15 00:00:00,81059.11595417073,80764.42225833038,78258.98887529346,0.0223268977200596,0.01488289220076,1,0.0,0.0223268977200596,0.711044122566738,0.91135766466156
2026-05-16 00:00:00,79068.6684041429,80603.19388782165,78400.40071915634,-0.0245555052827518,0.0156836397770896,1,0.0,-0.0245555052827518,0.6935840748587809,0.8889788167124868
2026-05-17 00:00:00,78132.7535126921,80239.63727288626,78501.09394473009,-0.0118367352118169,0.0158788603486291,1,0.0,-0.0118367352118169,0.6853743038175445,0.8784562098501467
2026-05-18 00:00:00,77428.51866052429,79583.94406376297,78511.18678101477,-0.0090133115819783,0.0152390364720704,1,0.0,-0.0090133115819783,0.6791968116669556,0.8705384103196436
2026-05-19 00:00:00,76959.40571528324,78917.06401595275,78552.62861028181,-0.0060586584033438,0.0148862266291221,1,0.0,-0.0060586584033438,0.6750817901964252,0.865264115464527
2026-05-20 00:00:00,76758.73155866472,78385.14798457714,78649.88560430106,-0.0026075325654271,0.0141112654901425,0,-1.0,-0.0026075325654271,0.6733214924441612,0.8630079111057577
2026-05-21 00:00:00,77470.39614899461,78125.36999349609,78703.63096033725,0.0092714480278506,0.0133310366040287,0,0.0,0.0,0.679564157667392,0.8630079111057577
2026-05-22 00:00:00,77550.38308320483,77624.12244050096,78744.43733969657,0.0010324838672102,0.0132924239434083,0,0.0,0.0,0.6802657966969179,0.8630079111057577
2026-05-23 00:00:00,75478.38285862996,77111.22450542767,78652.42287664801,-0.02671811720584,0.0133704464140249,0,0.0,-0.0,0.6620903754096454,0.8630079111057577
2026-05-24 00:00:00,76684.37097078416,76904.31271372654,78599.39104809216,0.0159779272750584,0.0137286409412889,0,0.0,0.0,0.6726692072774569,0.8630079111057577
2026-05-25 00:00:00,77016.06581859986,76845.39087916592,78585.00598938158,0.0043254556778209,0.0136242164412593,0,0.0,0.0,0.6755788081193705,0.8630079111057577
2026-05-26 00:00:00,77258.39912360838,76888.10422321236,78572.46876277095,0.0031465292654562,0.0136295311234618,0,0.0,0.0,0.6777045366102402,0.8630079111057577
2026-05-27 00:00:00,75851.10409561773,76758.44315706278,78479.58078057476,-0.018215430865181,0.01379051379065,0,0.0,-0.0,0.6653598564765969,0.8630079111057577
2026-05-28 00:00:00,74339.61694703094,76311.1889853537,78378.67519807004,-0.0199270289682456,0.0139484392780568,0,0.0,-0.0,0.65210121134228,0.8630079111057577
2026-05-29 00:00:00,73651.64255141478,75754.22605224083,78289.33446862704,-0.0092544786194735,0.0138446248250372,0,0.0,-0.0,0.6460663546241802,0.8630079111057577
2026-05-30 00:00:00,73500.91507629369,75471.73065476422,78213.19972329533,-0.0020464916992974,0.0137987444074053,0,0.0,-0.0,0.6447441851922464,0.8630079111057577
2026-05-31 00:00:00,73820.30385315015,75062.57820938794,78130.64996891943,0.0043453714355112,0.0137594638648775,0,0.0,0.0,0.6475458381577928,0.8630079111057577
2026-06-01 00:00:00,73598.6681238158,74574.3785387045,77977.01343121674,-0.0030023681530116,0.0128509987687987,0,0.0,-0.0,0.6456016671556926,0.8630079111057577
2026-06-02 00:00:00,71320.29306465392,73726.07767313956,77731.77571228113,-0.0309567430667216,0.0137995581286582,0,0.0,-0.0,0.6256159422221067,0.8630079111057577
2026-06-03 00:00:00,66727.26415497709,72422.67196733376,77338.94810196159,-0.0644000285516649,0.0177535081923294,0,0.0,-0.0,0.5853262576806263,0.8630079111057577
2026-06-04 00:00:00,64046.61064609333,70952.24249577125,76812.97261973278,-0.0401732866292527,0.0183535108386324,0,0.0,-0.0,0.5618117781591947,0.8630079111057577
2026-06-05 00:00:00,63810.65923840883,69546.3877367704,76242.8625485154,-0.0036840576777483,0.0179452531447582,0,0.0,-0.0,0.5597420311644179,0.8630079111057577
2026-06-06 00:00:00,60960.10140035313,67754.84292592175,75560.30394958545,-0.0446721264452929,0.0189514287596993,0,0.0,-0.0,0.5347371643714959,0.8630079111057577
2026-06-07 00:00:00,60855.25426528331,65902.69298479792,74921.31550268449,-0.0017199304571566,0.0189412126023188,0,0.0,-0.0,0.5338174536359198,0.8630079111057577
2026-06-08 00:00:00,63273.53743063552,64427.67431434359,74357.19118378218,0.0397382805239843,0.0208454256023669,0,0.0,0.0,0.555030441357103,0.8630079111057577
2026-06-09 00:00:00,63069.147792658114,63248.93927548705,73770.24111629614,-0.003230254641626,0.0207047827864966,0,0.0,-0.0,0.5532375516976655,0.8630079111057577
2026-06-10 00:00:00,61669.76384194788,62526.43923076859,73091.9542068815,-0.0221880903688559,0.0203247850380887,0,0.0,-0.0,0.5409622669051531,0.8630079111057577
2026-06-11 00:00:00,61480.14443283343,62159.80120030289,72420.37348631078,-0.0030747549090738,0.0203400033384837,0,0.0,-0.0,0.5392989405193628,0.8630079111057577
2026-06-12 00:00:00,63555.66181107698,62123.37299639834,71856.1574207369,0.0337591493544884,0.0217698418833219,0,0.0,0.0,0.5575052139990733,0.8630079111057577
2026-06-13 00:00:00,63532.27782485316,62490.82677132691,71330.93861201325,-0.0003679292380485,0.0217645631025139,0,0.0,-0.0,0.5573000915304785,0.8630079111057577
2026-06-14 00:00:00,64408.80975375945,62998.47755539494,70775.92840533287,0.0137966394235498,0.0214194952599682,0,0.0,0.0,0.5649889599440359,0.8630079111057577
2026-06-15 00:00:00,65709.31094599118,63346.44520044575,70330.61649006116,0.0201913557664497,0.0217400003756433,0,0.0,0.0,0.5763968530383823,0.8630079111057577
2026-06-16 00:00:00,66292.50117921834,63806.92425566864,69935.9414122787,0.0088753058711343,0.021874046255983,0,0.0,0.0,0.5815125514122572,0.8630079111057577
2026-06-17 00:00:00,65619.28080038042,64371.14096401614,69542.30015027389,-0.0101553021361782,0.0218818524456991,0,0.0,-0.0,0.5756071157566859,0.8630079111057577
2026-06-18 00:00:00,64444.545329668814,64794.62680642119,69125.13813742009,-0.0179022911617281,0.0220031426859426,0,0.0,-0.0,0.5653024295756471,0.8630079111057577
2026-06-19 00:00:00,62897.23855524796,64700.56634130276,68663.08837063953,-0.0240098951199909,0.0222463410039103,0,0.0,-0.0,0.5517295775304598,0.8630079111057577
2026-06-20 00:00:00,63489.81094752525,64694.49964454163,68197.06886392388,0.0094212783563905,0.0222499912175482,0,0.0,0.0,0.556927575457828,0.8630079111057577
2026-06-21 00:00:00,64253.39869532133,64672.29806476476,67753.83605099443,0.0120269337142489,0.0224656167300783,0,0.0,0.0,0.5636257064914967,0.8630079111057577
2026-06-22 00:00:00,63255.48525259375,64321.75153713655,67346.40613079323,-0.0155309051815222,0.0222012041369571,0,0.0,-0.0,0.5548720890861087,0.8630079111057577
2026-06-23 00:00:00,63937.28526422244,63985.29212070857,66921.50327390783,0.0107785120753733,0.0220464584858063,0,0.0,0.0,0.560852784598611,0.8630079111057577
2026-06-24 00:00:00,62662.29201921944,63562.86515197129,66443.04414726181,-0.0199413102970208,0.0221071012154675,0,0.0,-0.0,0.5496686451899819,0.8630079111057577
2026-06-25 00:00:00,60989.57352152134,63069.29775080737,65900.74996052559,-0.0266941799253856,0.0223231363189292,0,0.0,-0.0,0.5349956914759376,0.8630079111057577
2026-06-26 00:00:00,59726.73653480851,62616.368890744576,65363.27104183195,-0.0207057848382431,0.0223685293049216,0,0.0,-0.0,0.5239181857988497,0.8630079111057577
2026-06-27 00:00:00,60022.32566638378,62121.01385058152,64886.027999143706,0.004949025323073,0.0223603421452712,0,0.0,0.0,0.5265110701675868,0.8630079111057577
2026-06-28 00:00:00,59953.44334401112,61506.73451468006,64429.421358896914,-0.0011476116862836,0.0223793967695776,0,0.0,-0.0,0.5259068399105048,0.8630079111057577
2026-06-29 00:00:00,59494.60638631778,60969.46610521206,63962.54440256439,-0.0076532211012559,0.0223635445997711,0,0.0,-0.0,0.5218819585860069,0.8630079111057577
2026-06-30 00:00:00,60152.35872063589,60428.76231327112,63506.94623148057,0.0110556632654583,0.0225116978284573,0,0.0,0.0,0.5276517097844518,0.8630079111057577
2026-07-01 00:00:00,58566.091991843154,59843.5908807888,63005.86036041482,-0.0263708150857359,0.0227871803974683,0,0.0,-0.0,0.5137371041160536,0.8630079111057577
2026-07-02 00:00:00,59967.68504171813,59697.60681224549,62627.440092983634,0.0239318179206866,0.023027256206645,0,0.0,0.0,0.5260317669508598,0.8630079111057577
2026-07-03 00:00:00,61490.21448471664,59949.53223366093,62452.871770641614,0.0253891648800403,0.0208394166755784,0,0.0,0.0,0.5393872742141143,0.8630079111057577
2026-07-04 00:00:00,62553.61289177051,60311.14469443046,62403.10517883086,0.0172937826931498,0.0198770139938467,0,0.0,0.0,0.5487153205218236,0.8630079111057577
2026-07-05 00:00:00,63088.40675385221,60758.99661012204,62379.03009601229,0.0085493680917678,0.0199368456477046,0,0.0,0.0,0.5534064897745571,0.8630079111057577
2026-07-06 00:00:00,63586.102141021256,61343.49600365111,62466.56345403457,0.0078888564916668,0.0181193880415946,0,0.0,0.0,0.5577722341539456,0.8630079111057577
2026-07-07 00:00:00,64001.23542391328,61893.33553269074,62571.42949265557,0.006528679521373,0.0181304014604233,0,0.0,0.0,0.561413750316657,0.8630079111057577
2026-07-08 00:00:00,63335.30929080668,62574.65228968552,62573.48855466127,-0.0104048949789143,0.0167769173120527,1,1.0,-0.0,0.5555722992048937,0.8630079111057577
2026-07-09 00:00:00,62247.1304822092,62900.28735261282,62546.087977646304,-0.0171812346190821,0.0170652508787082,1,0.0,-0.0171812346190821,0.5460268811843916,0.8481803697069258
2026-07-10 00:00:00,63192.8789720319,63143.525136515,62596.85848198245,0.0151934471918027,0.01677392527057,1,0.0,0.0151934471918027,0.5543229117689714,0.8610671533631916
2026-07-11 00:00:00,64110.97482196822,63366.00541225753,62684.552828286935,0.0145284700566128,0.0169354073745512,1,0.0,0.0145284700566128,0.5623763755943013,0.8735771417175616
2026-07-12 00:00:00,63791.35305345348,63466.42631220057,62692.409203032825,-0.0049854454623768,0.01583495002816,1,0.0,-0.0049854454623768,0.5595726788444468,0.8692219705203498
2026-07-13 00:00:00,63746.65595793199,63489.36257175925,62699.555140802106,-0.0007006763986341,0.0158355106234327,1,0.0,-0.0007006763986341,0.55918059947506,0.8686129272004319
2026-07-14 00:00:00,62278.96301585648,63243.323656322566,62628.56024953868,-0.0230238421140721,0.0161714051710681,1,0.0,-0.0230238421140721,0.5463061136394941,0.8486141203063272
2026-07-15 00:00:00,64983.51907427709,63478.782196818334,62604.367187148215,0.0434264786607319,0.0177047216218821,1,0.0,0.0434264786607319,0.5700302644256869,0.8854664432930057
2026-07-16 00:00:00,64717.16889113007,63831.644826664175,62551.85611087861,-0.0040987343705189,0.0176332292153453,1,0.0,-0.0040987343705189,0.5676938617886494,0.8818371515479395
2026-07-17 00:00:00,63792.28742743447,63917.2746060074,62490.956331780406,-0.014291129843017,0.0177260178682269,1,0.0,-0.014291129843017,0.5595808750987441,0.8692347023147717
2026-07-18 00:00:00,63904.95401494303,63887.84306214666,62472.96995462288,0.0017661474772592,0.0174325522521891,1,0.0,0.0017661474772592,0.5605691774496223,0.8707698989914111
2026-07-19 00:00:00,64795.70382303786,64031.32174351586,62536.25213021588,0.0139386659739484,0.0170120452394136,1,0.0,0.0139386659739484,0.5683827639693836,0.8829072697536212
2026-07-20 00:00:00,64670.40117470696,64163.28534591228,62575.6051377886,-0.0019338110544043,0.0169474361349716,1,0.0,-0.0019338110544043,0.5672836190972868,0.8811998939153578
2026-07-21 00:00:00,65184.92144270268,64578.422264033165,62606.65589603465,0.0079560395273525,0.0168701732473191,1,0.0,0.0079560395273525,0.5717969499940444,0.8882107551028473
2026-07-22 00:00:00,66520.98164575922,64798.0597742449,62715.50577580683,0.0204964610447668,0.0169630946143807,1,0.0,0.0204964610447668,0.5835167639051139,0.9064159322443558
2026-07-23 00:00:00,66077.05646514206,64992.32942767518,62786.83148250415,-0.006673461058966,0.0169444427739135,1,0.0,-0.006673461058966,0.5796226875039392,0.9003670008172967
2026-07-24 00:00:00,65052.47667067735,65172.35646242416,62866.50430421941,-0.01550583287567,0.0167717568961421,1,0.0,-0.01550583287567,0.5706351549805564,0.8864060605758555
2026-07-25 00:00:00,64092.64739795451,65199.169802854376,62969.94010010051,-0.0147546922399571,0.0162149180255198,1,0.0,-0.0147546922399571,0.5622156088875181,0.873327411952426
2026-07-26 00:00:00,64318.24520120312,65130.96142830655,63122.99038898034,0.0035198702566905,0.0156497647766705,1,0.0,0.0035198702566905,0.5641945348870884,0.8764014111341099
2026-07-27 00:00:00,65343.82451084589,65227.164762040695,63300.37368379573,0.015945386980545,0.0158346189433663,1,0.0,0.015945386980545,0.5731908350781716,0.890375970784939
2026-07-28 00:00:00,63701.35288114535,65015.22639610393,63425.30400170022,-0.0251358355896036,0.0166344621748801,1,0.0,-0.0251358355896036,0.558783204486179,0.867995626770355
2026-07-29 00:00:00,63881.94327943538,64638.22091520052,63571.548564804136,0.0028349538922192,0.0165310760612,1,0.0,0.0028349538922192,0.5603673291066439,0.8704563543508969
2026-07-30 00:00:00,63916.59794922001,64329.58398435451,63697.02320575694,0.0005424798934661,0.0164548433576973,1,0.0,0.0005424798934661,0.5606713171156396,0.870928559421272
2026-07-31 00:00:00,64743.33714554026,64285.42119504922,63902.93137754685,0.0129346558303535,0.0156502993443533,1,0.0,0.0129346558303535,0.5679234076364814,0.8821937205902118
2026-08-01 00:00:00,62820.08613814001,64103.62672936143,63998.01141409424,-0.0297057750217116,0.0162826584991182,1,0.0,-0.0297057750217116,0.5510528026596683,0.8559874724007923
2026-08-02 00:00:00,62772.57726413174,63882.81702406552,64040.75684007475,-0.0007562688453467,0.0156574758883297,0,-1.0,-0.0007562688453467,0.5506360585928758,0.8553401157434085
2026-08-03 00:00:00,63504.41559755184,63620.04432216637,64072.45026360078,0.0116585675675016,0.0154857189569534,0,0.0,0.0,0.5570556862870836,0.8553401157434085
2026-08-04 00:00:00,63465.19968911304,63586.30815187604,64085.010028109486,-0.0006175304200469,0.0154141073417682,0,0.0,-0.0,0.5567116874551412,0.8553401157434085
2026-08-05 00:00:00,64062.173729779366,63612.05535906804,64100.87908106809,0.0094063210009678,0.0154422892021109,0,0.0,0.0,0.5619482962923348,0.8553401157434085
2026-08-06 00:00:00,64608.705388357404,63710.92785037338,64121.12807988289,0.0085312693397412,0.0154741537436877,0,0.0,0.0,0.5667424285630134,0.8553401157434085
2026-08-07 00:00:00,64262.74830979173,63642.2723024093,64152.04271384906,-0.0053546511493482,0.0153793942743256,0,0.0,-0.0,0.5637077205665241,0.8553401157434085
2026-08-08 00:00:00,64879.7560855934,63936.51086633122,64239.79690062853,0.0096013287951404,0.015086257277217,0,0.0,0.0,0.5691200637360424,0.8553401157434085
2026-08-09 00:00:00,64917.23929330571,64242.891156213205,64297.27557800433,0.0005777334868963,0.0148628540542496,0,0.0,0.0,0.5694488634549273,0.8553401157434085
2026-08-10 00:00:00,64856.09782538228,64435.988617331845,64322.11301145146,-0.0009418371543371,0.0146442093622971,1,1.0,-0.0,0.5689125353578304,0.8553401157434085
2026-08-11 00:00:00,63915.71213556821,64500.34753825401,64326.25831418861,-0.0144995724587987,0.0148681507351254,1,0.0,-0.0144995724587987,0.5606635468286906,0.8429380497582697
2026-08-12 00:00:00,63537.55988964766,64425.40270394948,64319.28844524581,-0.0059164207561119,0.0149091383379693,1,0.0,-0.0059164207561119,0.557346425383038,0.8379508735845634
2026-08-13 00:00:00,63408.62569711362,64253.96274805752,64356.94386795438,-0.0020292594295087,0.0142703214662815,0,-1.0,-0.0020292594295087,0.5562154248938265,0.8362504538728769
2026-08-14 00:00:00,63429.17906286841,64134.88142706848,64305.13253424075,0.0003241414796304,0.0117708830962817,0,0.0,0.0,0.5563957173846449,0.8362504538728769
2026-08-15 00:00:00,62984.28959582886,63864.10049995925,64247.369891064045,-0.0070139559365666,0.0118115356431527,0,0.0,-0.0,0.5524931823396146,0.8362504538728769
2026-08-16 00:00:00,63031.04825975698,63594.644638023725,64221.99525214147,0.0007423861446747,0.0115367361227225,0,0.0,0.0,0.5529033456232108,0.8362504538728769
2026-08-17 00:00:00,62843.70368466329,63307.159760778144,64186.620241132136,-0.0029722585974077,0.0115394078602517,0,0.0,-0.0,0.5512599739006467,0.8362504538728769
2026-08-18 00:00:00,64491.345282946255,63389.39306754644,64176.474956462414,0.0262180855308988,0.0122640095438556,0,0.0,0.0,0.565712955046135,0.8362504538728769
2026-08-19 00:00:00,64686.25782561655,63553.49277268485,64177.003511492745,0.0030223054243192,0.0122716115135322,0,0.0,0.0,0.5674227123787785,0.8362504538728769
2026-08-20 00:00:00,69291.0104297816,64393.83344878028,64313.87314439537,0.0711859482825347,0.0178381531559269,1,1.0,0.0,0.6078152362365098,0.8362504538728769
2026-08-21 00:00:00,73020.94563440893,65764.08581614321,64530.53861068369,0.0538300016335766,0.0199329878034806,1,0.0,0.0538300016335766,0.6405339313960339,0.8812658171709331
2026-08-22 00:00:00,78317.77716345884,67954.58404009035,64938.56263396092,0.0725385227900135,0.0234945026817034,1,0.0,0.0725385227900135,0.686997316576382,0.9451915377338467
2026-08-23 00:00:00,77081.02299000922,69961.72328726924,65339.514177938654,-0.0157914871724252,0.0235035502016281,1,0.0,-0.0157914871724252,0.6761486072641755,0.9302655576902378
2026-08-24 00:00:00,77712.3200924702,72085.81134552737,65793.50326775583,0.0081900457203687,0.023178285438172,1,0.0,0.0081900457203687,0.6816862952714328,0.9378844751398051
2026-08-25 00:00:00,78973.88693602335,74154.74586739553,66282.0246589165,0.0162338074844763,0.0232343811730522,1,0.0,0.0162338074844763,0.6927526593536751,0.9531099111519038
2026-08-26 00:00:00,78511.2331116067,76129.74233682269,66720.93827894187,-0.0058583139613153,0.0232897309543944,1,0.0,-0.0058583139613153,0.6886942967776452,0.9475262940527346
2026-08-27 00:00:00,79018.03405750773,77519.31714078356,67231.49431815396,0.0064551392942788,0.022516375561529,1,0.0,0.0064551392942788,0.6931399143945203,0.9536427082658369
2026-08-28 00:00:00,80268.37474707834,78554.6641568792,67777.70870040872,0.0158234851636607,0.0225495113049588,1,0.0,0.0158234851636607,0.704107803546283,0.9687326595115145
2026-08-29 00:00:00,77820.76428719184,78483.66231741247,68241.18091167444,-0.0304928369061763,0.0235857769395091,1,0.0,-0.0304928369061763,0.6826375591283802,0.9391932525193435
2026-08-30 00:00:00,78225.13950818499,78647.10753429473,68690.5743237626,0.0051962381081331,0.0235591713702897,1,0.0,0.0051962381081331,0.6861847064271661,0.944073524288986
2026-08-31 00:00:00,77658.23133225394,78639.38056854958,69185.1791635664,-0.0072471353773901,0.022707619921674,1,0.0,-0.0072471353773901,0.6812118329657938,0.9372316956522541
2026-09-01 00:00:00,78552.77932895812,78579.2223389688,69711.18589906061,0.0115190364415709,0.022667357592078,1,0.0,0.0115190364415709,0.6890587368941561,0.9480277017086677
2026-09-02 00:00:00,77416.44110979848,78422.82348156764,70174.92008280217,-0.0144659199695652,0.0230109939419207,1,0.0,-0.0144659199695652,0.6790908683519156,0.9343136088468194
2026-09-03 00:00:00,77297.13347191992,78176.98054076938,70635.98454222907,-0.0015411149901524,0.0230219764268883,1,0.0,-0.0015411149901524,0.6780443112350228,0.9328737241387222
2026-09-04 00:00:00,81264.70153038795,78319.31293838505,71209.40213558268,0.0513287864666978,0.0244132631069494,1,0.0,0.0513287864666978,0.7128475029013646,0.9807570003254318
2026-09-05 00:00:00,79671.25767420157,78583.6691365293,71711.4872117775,-0.0196080687700616,0.0249366361628649,1,0.0,-0.0196080687700616,0.6988699400419079,0.9615262496163314
2026-09-06 00:00:00,79821.69873179746,78811.74902561678,72230.11889251102,0.0018882726592706,0.0248447667778385,1,0.0,0.0018882726592706,0.7001895970420752,0.9633418733446529
2026-09-07 00:00:00,80329.3478460037,79193.33709900959,72745.10528452469,0.0063597884068085,0.0248425560912778,1,0.0,0.0063597884068085,0.7046426547239113,0.9694685238225434
2026-09-08 00:00:00,79093.4641898418,79270.57779342156,73217.64611440923,-0.0153852071416185,0.0251633813041046,1,0.0,-0.0153852071416185,0.6938015815201639,0.9545530497662545
2026-09-09 00:00:00,78450.75303870205,79418.33664040778,73670.80128818656,-0.0081259704290749,0.0252745519672675,1,0.0,-0.0081259704290749,0.6881637703850857,0.9467963799108706
2026-09-10 00:00:00,78283.06047169256,79559.183354661,74149.7128993907,-0.0021375520376045,0.0250170785625312,1,0.0,-0.0021375520376045,0.6866927845154935,0.9447725533797956
2026-09-10 18:31:10,77045.27512928567,78956.40815450354,74599.9700740453,-0.0158116626374676,0.0252583508511964,1,0.0,-0.0158116626374676,0.6758350298711513,0.9298341284966154
